id,url,landmark_id
1,dataset\Gothic\ChartresCathedral\ChartresCathedral0.jpeg,8f64e666-3ffb-4039-be7d-fa47b6afd6c2
2,dataset\Gothic\ChartresCathedral\ChartresCathedral12.jpeg,8f64e666-3ffb-4039-be7d-fa47b6afd6c2
3,dataset\Gothic\ChartresCathedral\ChartresCathedral13.jpeg,8f64e666-3ffb-4039-be7d-fa47b6afd6c2
4,dataset\Gothic\ChartresCathedral\ChartresCathedral15.jpeg,8f64e666-3ffb-4039-be7d-fa47b6afd6c2
5,dataset\Gothic\ChartresCathedral\ChartresCathedral16.jpeg,8f64e666-3ffb-4039-be7d-fa47b6afd6c2
6,dataset\Gothic\ChartresCathedral\ChartresCathedral17.jpeg,8f64e666-3ffb-4039-be7d-fa47b6afd6c2
7,dataset\Gothic\ChartresCathedral\ChartresCathedral19.jpeg,8f64e666-3ffb-4039-be7d-fa47b6afd6c2
8,dataset\Gothic\ChartresCathedral\ChartresCathedral2.jpeg,8f64e666-3ffb-4039-be7d-fa47b6afd6c2
9,dataset\Gothic\ChartresCathedral\ChartresCathedral4.jpeg,8f64e666-3ffb-4039-be7d-fa47b6afd6c2
10,dataset\Gothic\ChartresCathedral\ChartresCathedral5.jpeg,8f64e666-3ffb-4039-be7d-fa47b6afd6c2
11,dataset\Gothic\ChartresCathedral\ChartresCathedral6.jpeg,8f64e666-3ffb-4039-be7d-fa47b6afd6c2
12,dataset\Gothic\ChartresCathedral\ChartresCathedral7.jpeg,8f64e666-3ffb-4039-be7d-fa47b6afd6c2
13,dataset\Gothic\ChartresCathedral\ChartresCathedral8.jpeg,8f64e666-3ffb-4039-be7d-fa47b6afd6c2
14,dataset\Gothic\ChartresCathedral\ChartresCathedral9.jpeg,8f64e666-3ffb-4039-be7d-fa47b6afd6c2
15,dataset\Gothic\CologneCathedral\CologneCathedral0.jpeg,ff3ba976-ace8-4615-909e-81cbd944f872
16,dataset\Gothic\CologneCathedral\CologneCathedral1.jpeg,ff3ba976-ace8-4615-909e-81cbd944f872
17,dataset\Gothic\CologneCathedral\CologneCathedral10.jpeg,ff3ba976-ace8-4615-909e-81cbd944f872
18,dataset\Gothic\CologneCathedral\CologneCathedral12.jpeg,ff3ba976-ace8-4615-909e-81cbd944f872
19,dataset\Gothic\CologneCathedral\CologneCathedral14.jpeg,ff3ba976-ace8-4615-909e-81cbd944f872
20,dataset\Gothic\CologneCathedral\CologneCathedral15.jpeg,ff3ba976-ace8-4615-909e-81cbd944f872
21,dataset\Gothic\CologneCathedral\CologneCathedral16.jpeg,ff3ba976-ace8-4615-909e-81cbd944f872
22,dataset\Gothic\CologneCathedral\CologneCathedral17.jpeg,ff3ba976-ace8-4615-909e-81cbd944f872
23,dataset\Gothic\CologneCathedral\CologneCathedral19.jpeg,ff3ba976-ace8-4615-909e-81cbd944f872
24,dataset\Gothic\CologneCathedral\CologneCathedral2.jpeg,ff3ba976-ace8-4615-909e-81cbd944f872
25,dataset\Gothic\CologneCathedral\CologneCathedral5.jpeg,ff3ba976-ace8-4615-909e-81cbd944f872
26,dataset\Gothic\CologneCathedral\CologneCathedral6.jpeg,ff3ba976-ace8-4615-909e-81cbd944f872
27,dataset\Gothic\CologneCathedral\CologneCathedral7.jpeg,ff3ba976-ace8-4615-909e-81cbd944f872
28,dataset\Gothic\CologneCathedral\CologneCathedral8.jpeg,ff3ba976-ace8-4615-909e-81cbd944f872
29,dataset\Gothic\MilanCathedral\MilanCathedral0.jpeg,da7ebeee-dfe6-423f-b353-6c7100152f8c
30,dataset\Gothic\MilanCathedral\MilanCathedral1.jpeg,da7ebeee-dfe6-423f-b353-6c7100152f8c
31,dataset\Gothic\MilanCathedral\MilanCathedral10.jpeg,da7ebeee-dfe6-423f-b353-6c7100152f8c
32,dataset\Gothic\MilanCathedral\MilanCathedral12.jpeg,da7ebeee-dfe6-423f-b353-6c7100152f8c
33,dataset\Gothic\MilanCathedral\MilanCathedral13.jpeg,da7ebeee-dfe6-423f-b353-6c7100152f8c
34,dataset\Gothic\MilanCathedral\MilanCathedral16.jpeg,da7ebeee-dfe6-423f-b353-6c7100152f8c
35,dataset\Gothic\MilanCathedral\MilanCathedral17.jpeg,da7ebeee-dfe6-423f-b353-6c7100152f8c
36,dataset\Gothic\MilanCathedral\MilanCathedral18.jpeg,da7ebeee-dfe6-423f-b353-6c7100152f8c
37,dataset\Gothic\MilanCathedral\MilanCathedral19.jpeg,da7ebeee-dfe6-423f-b353-6c7100152f8c
38,dataset\Gothic\MilanCathedral\MilanCathedral2.jpeg,da7ebeee-dfe6-423f-b353-6c7100152f8c
39,dataset\Gothic\MilanCathedral\MilanCathedral4.jpeg,da7ebeee-dfe6-423f-b353-6c7100152f8c
40,dataset\Gothic\MilanCathedral\MilanCathedral6.jpeg,da7ebeee-dfe6-423f-b353-6c7100152f8c
41,dataset\Gothic\MilanCathedral\MilanCathedral7.jpeg,da7ebeee-dfe6-423f-b353-6c7100152f8c
42,dataset\Gothic\MilanCathedral\MilanCathedral9.jpeg,da7ebeee-dfe6-423f-b353-6c7100152f8c
43,dataset\Gothic\Notre-DameCathedral\NotreDameDeParis10.jpeg,53626f0c-fb1e-45fe-9d7e-72df41bf2dfc
44,dataset\Gothic\Notre-DameCathedral\NotreDameDeParis12.jpeg,53626f0c-fb1e-45fe-9d7e-72df41bf2dfc
45,dataset\Gothic\Notre-DameCathedral\NotreDameDeParis13.jpeg,53626f0c-fb1e-45fe-9d7e-72df41bf2dfc
46,dataset\Gothic\Notre-DameCathedral\NotreDameDeParis15.jpeg,53626f0c-fb1e-45fe-9d7e-72df41bf2dfc
47,dataset\Gothic\Notre-DameCathedral\NotreDameDeParis16.jpeg,53626f0c-fb1e-45fe-9d7e-72df41bf2dfc
48,dataset\Gothic\Notre-DameCathedral\NotreDameDeParis18.jpeg,53626f0c-fb1e-45fe-9d7e-72df41bf2dfc
49,dataset\Gothic\Notre-DameCathedral\NotreDameDeParis19.jpeg,53626f0c-fb1e-45fe-9d7e-72df41bf2dfc
50,dataset\Gothic\Notre-DameCathedral\NotreDameDeParis2.jpeg,53626f0c-fb1e-45fe-9d7e-72df41bf2dfc
51,dataset\Gothic\Notre-DameCathedral\NotreDameDeParis3.jpeg,53626f0c-fb1e-45fe-9d7e-72df41bf2dfc
52,dataset\Gothic\Notre-DameCathedral\NotreDameDeParis4.jpeg,53626f0c-fb1e-45fe-9d7e-72df41bf2dfc
53,dataset\Gothic\Notre-DameCathedral\NotreDameDeParis6.jpeg,53626f0c-fb1e-45fe-9d7e-72df41bf2dfc
54,dataset\Gothic\Notre-DameCathedral\NotreDameDeParis7.jpeg,53626f0c-fb1e-45fe-9d7e-72df41bf2dfc
55,dataset\Gothic\Notre-DameCathedral\NotreDameDeParis8.jpeg,53626f0c-fb1e-45fe-9d7e-72df41bf2dfc
56,dataset\Gothic\Notre-DameCathedral\NotreDameDeParis9.jpeg,53626f0c-fb1e-45fe-9d7e-72df41bf2dfc
57,dataset\Gothic\St.VitusCathedral\St.VitusCathedral0.jpeg,fff86f1f-b152-4d28-beef-3fe5d6de4e40
58,dataset\Gothic\St.VitusCathedral\St.VitusCathedral1.jpeg,fff86f1f-b152-4d28-beef-3fe5d6de4e40
59,dataset\Gothic\St.VitusCathedral\St.VitusCathedral10.jpeg,fff86f1f-b152-4d28-beef-3fe5d6de4e40
60,dataset\Gothic\St.VitusCathedral\St.VitusCathedral11.jpeg,fff86f1f-b152-4d28-beef-3fe5d6de4e40
61,dataset\Gothic\St.VitusCathedral\St.VitusCathedral12.jpeg,fff86f1f-b152-4d28-beef-3fe5d6de4e40
62,dataset\Gothic\St.VitusCathedral\St.VitusCathedral14.jpeg,fff86f1f-b152-4d28-beef-3fe5d6de4e40
63,dataset\Gothic\St.VitusCathedral\St.VitusCathedral15.jpeg,fff86f1f-b152-4d28-beef-3fe5d6de4e40
64,dataset\Gothic\St.VitusCathedral\St.VitusCathedral17.jpeg,fff86f1f-b152-4d28-beef-3fe5d6de4e40
65,dataset\Gothic\St.VitusCathedral\St.VitusCathedral19.jpeg,fff86f1f-b152-4d28-beef-3fe5d6de4e40
66,dataset\Gothic\St.VitusCathedral\St.VitusCathedral4.jpeg,fff86f1f-b152-4d28-beef-3fe5d6de4e40
67,dataset\Gothic\St.VitusCathedral\St.VitusCathedral5.jpeg,fff86f1f-b152-4d28-beef-3fe5d6de4e40
68,dataset\Gothic\St.VitusCathedral\St.VitusCathedral7.jpeg,fff86f1f-b152-4d28-beef-3fe5d6de4e40
69,dataset\Gothic\St.VitusCathedral\St.VitusCathedral8.jpeg,fff86f1f-b152-4d28-beef-3fe5d6de4e40
70,dataset\Gothic\St.VitusCathedral\St.VitusCathedral9.jpeg,fff86f1f-b152-4d28-beef-3fe5d6de4e40
71,dataset\Modern\Cathedral of Bras�lia\Cathedral of Bras�lia-1.jpeg,7789951f-b08f-4e83-90ce-58071cb08f2e
72,dataset\Modern\Cathedral of Bras�lia\Cathedral of Bras�lia-10.jpeg,7789951f-b08f-4e83-90ce-58071cb08f2e
73,dataset\Modern\Cathedral of Bras�lia\Cathedral of Bras�lia-11.jpeg,7789951f-b08f-4e83-90ce-58071cb08f2e
74,dataset\Modern\Cathedral of Bras�lia\Cathedral of Bras�lia-12.jpeg,7789951f-b08f-4e83-90ce-58071cb08f2e
75,dataset\Modern\Cathedral of Bras�lia\Cathedral of Bras�lia-15.jpg,7789951f-b08f-4e83-90ce-58071cb08f2e
76,dataset\Modern\Cathedral of Bras�lia\Cathedral of Bras�lia-16.jpeg,7789951f-b08f-4e83-90ce-58071cb08f2e
77,dataset\Modern\Cathedral of Bras�lia\Cathedral of Bras�lia-17.jpg,7789951f-b08f-4e83-90ce-58071cb08f2e
78,dataset\Modern\Cathedral of Bras�lia\Cathedral of Bras�lia-18.jpeg,7789951f-b08f-4e83-90ce-58071cb08f2e
79,dataset\Modern\Cathedral of Bras�lia\Cathedral of Bras�lia-19.jpg,7789951f-b08f-4e83-90ce-58071cb08f2e
80,dataset\Modern\Cathedral of Bras�lia\Cathedral of Bras�lia-2.jpg,7789951f-b08f-4e83-90ce-58071cb08f2e
81,dataset\Modern\Cathedral of Bras�lia\Cathedral of Bras�lia-20.jpeg,7789951f-b08f-4e83-90ce-58071cb08f2e
82,dataset\Modern\Cathedral of Bras�lia\Cathedral of Bras�lia-5.jpeg,7789951f-b08f-4e83-90ce-58071cb08f2e
83,dataset\Modern\Cathedral of Bras�lia\Cathedral of Bras�lia-8.jpeg,7789951f-b08f-4e83-90ce-58071cb08f2e
84,dataset\Modern\Cathedral of Bras�lia\Cathedral of Bras�lia-9.jpg,7789951f-b08f-4e83-90ce-58071cb08f2e
85,dataset\Modern\CCTV Headquarters\CCTV Headquarters-10.jpeg,16ea5331-0fd7-4ebf-9c44-38c6f1a7cb20
86,dataset\Modern\CCTV Headquarters\CCTV Headquarters-11.jpeg,16ea5331-0fd7-4ebf-9c44-38c6f1a7cb20
87,dataset\Modern\CCTV Headquarters\CCTV Headquarters-12.jpeg,16ea5331-0fd7-4ebf-9c44-38c6f1a7cb20
88,dataset\Modern\CCTV Headquarters\CCTV Headquarters-13.jpeg,16ea5331-0fd7-4ebf-9c44-38c6f1a7cb20
89,dataset\Modern\CCTV Headquarters\CCTV Headquarters-14.jpeg,16ea5331-0fd7-4ebf-9c44-38c6f1a7cb20
90,dataset\Modern\CCTV Headquarters\CCTV Headquarters-16.jpeg,16ea5331-0fd7-4ebf-9c44-38c6f1a7cb20
91,dataset\Modern\CCTV Headquarters\CCTV Headquarters-17.jpeg,16ea5331-0fd7-4ebf-9c44-38c6f1a7cb20
92,dataset\Modern\CCTV Headquarters\CCTV Headquarters-19.jpg,16ea5331-0fd7-4ebf-9c44-38c6f1a7cb20
93,dataset\Modern\CCTV Headquarters\CCTV Headquarters-2.jpg,16ea5331-0fd7-4ebf-9c44-38c6f1a7cb20
94,dataset\Modern\CCTV Headquarters\CCTV Headquarters-3.jpeg,16ea5331-0fd7-4ebf-9c44-38c6f1a7cb20
95,dataset\Modern\CCTV Headquarters\CCTV Headquarters-4.jpeg,16ea5331-0fd7-4ebf-9c44-38c6f1a7cb20
96,dataset\Modern\CCTV Headquarters\CCTV Headquarters-6.jpeg,16ea5331-0fd7-4ebf-9c44-38c6f1a7cb20
97,dataset\Modern\CCTV Headquarters\CCTV Headquarters-8.jpeg,16ea5331-0fd7-4ebf-9c44-38c6f1a7cb20
98,dataset\Modern\CCTV Headquarters\CCTV Headquarters-9.jpeg,16ea5331-0fd7-4ebf-9c44-38c6f1a7cb20
99,dataset\Modern\Chrysler Building\Chrysler Building-1.jpeg,18496504-cdef-4968-9aa5-cae17490e4cc
100,dataset\Modern\Chrysler Building\Chrysler Building-10.jpeg,18496504-cdef-4968-9aa5-cae17490e4cc
101,dataset\Modern\Chrysler Building\Chrysler Building-11.jpeg,18496504-cdef-4968-9aa5-cae17490e4cc
102,dataset\Modern\Chrysler Building\Chrysler Building-12.jpeg,18496504-cdef-4968-9aa5-cae17490e4cc
103,dataset\Modern\Chrysler Building\Chrysler Building-14.jpeg,18496504-cdef-4968-9aa5-cae17490e4cc
104,dataset\Modern\Chrysler Building\Chrysler Building-15.jpeg,18496504-cdef-4968-9aa5-cae17490e4cc
105,dataset\Modern\Chrysler Building\Chrysler Building-17.jpeg,18496504-cdef-4968-9aa5-cae17490e4cc
106,dataset\Modern\Chrysler Building\Chrysler Building-18.jpg,18496504-cdef-4968-9aa5-cae17490e4cc
107,dataset\Modern\Chrysler Building\Chrysler Building-19.jpeg,18496504-cdef-4968-9aa5-cae17490e4cc
108,dataset\Modern\Chrysler Building\Chrysler Building-20.jpg,18496504-cdef-4968-9aa5-cae17490e4cc
109,dataset\Modern\Chrysler Building\Chrysler Building-3.jpeg,18496504-cdef-4968-9aa5-cae17490e4cc
110,dataset\Modern\Chrysler Building\Chrysler Building-5.jpg,18496504-cdef-4968-9aa5-cae17490e4cc
111,dataset\Modern\Chrysler Building\Chrysler Building-7.jpeg,18496504-cdef-4968-9aa5-cae17490e4cc
112,dataset\Modern\Chrysler Building\Chrysler Building-8.jpg,18496504-cdef-4968-9aa5-cae17490e4cc
113,dataset\Modern\eiffel\eiffel-10.jpg,89d011c0-dcaf-4154-b25b-1beb15598f4f
114,dataset\Modern\eiffel\eiffel-12.jpg,89d011c0-dcaf-4154-b25b-1beb15598f4f
115,dataset\Modern\eiffel\eiffel-13.jpg,89d011c0-dcaf-4154-b25b-1beb15598f4f
116,dataset\Modern\eiffel\eiffel-14.jpeg,89d011c0-dcaf-4154-b25b-1beb15598f4f
117,dataset\Modern\eiffel\eiffel-15.jpg,89d011c0-dcaf-4154-b25b-1beb15598f4f
118,dataset\Modern\eiffel\eiffel-17.jpg,89d011c0-dcaf-4154-b25b-1beb15598f4f
119,dataset\Modern\eiffel\eiffel-18.jpeg,89d011c0-dcaf-4154-b25b-1beb15598f4f
120,dataset\Modern\eiffel\eiffel-2.jpeg,89d011c0-dcaf-4154-b25b-1beb15598f4f
121,dataset\Modern\eiffel\eiffel-3.jpeg,89d011c0-dcaf-4154-b25b-1beb15598f4f
122,dataset\Modern\eiffel\eiffel-4.jpg,89d011c0-dcaf-4154-b25b-1beb15598f4f
123,dataset\Modern\eiffel\eiffel-5.jpeg,89d011c0-dcaf-4154-b25b-1beb15598f4f
124,dataset\Modern\eiffel\eiffel-7.jpg,89d011c0-dcaf-4154-b25b-1beb15598f4f
125,dataset\Modern\eiffel\eiffel-8.jpeg,89d011c0-dcaf-4154-b25b-1beb15598f4f
126,dataset\Modern\eiffel\eiffel-9.jpg,89d011c0-dcaf-4154-b25b-1beb15598f4f
127,dataset\Modern\Hallgr�mskirkja\Hallgr�mskirkja-1.jpg,66f849ba-1eac-4646-b997-0a4c93b1f4c2
128,dataset\Modern\Hallgr�mskirkja\Hallgr�mskirkja-11.jpeg,66f849ba-1eac-4646-b997-0a4c93b1f4c2
129,dataset\Modern\Hallgr�mskirkja\Hallgr�mskirkja-12.jpeg,66f849ba-1eac-4646-b997-0a4c93b1f4c2
130,dataset\Modern\Hallgr�mskirkja\Hallgr�mskirkja-14.jpeg,66f849ba-1eac-4646-b997-0a4c93b1f4c2
131,dataset\Modern\Hallgr�mskirkja\Hallgr�mskirkja-16.jpeg,66f849ba-1eac-4646-b997-0a4c93b1f4c2
132,dataset\Modern\Hallgr�mskirkja\Hallgr�mskirkja-17.jpg,66f849ba-1eac-4646-b997-0a4c93b1f4c2
133,dataset\Modern\Hallgr�mskirkja\Hallgr�mskirkja-19.jpeg,66f849ba-1eac-4646-b997-0a4c93b1f4c2
134,dataset\Modern\Hallgr�mskirkja\Hallgr�mskirkja-2.jpeg,66f849ba-1eac-4646-b997-0a4c93b1f4c2
135,dataset\Modern\Hallgr�mskirkja\Hallgr�mskirkja-20.jpg,66f849ba-1eac-4646-b997-0a4c93b1f4c2
136,dataset\Modern\Hallgr�mskirkja\Hallgr�mskirkja-3.jpeg,66f849ba-1eac-4646-b997-0a4c93b1f4c2
137,dataset\Modern\Hallgr�mskirkja\Hallgr�mskirkja-6.jpeg,66f849ba-1eac-4646-b997-0a4c93b1f4c2
138,dataset\Modern\Hallgr�mskirkja\Hallgr�mskirkja-7.jpg,66f849ba-1eac-4646-b997-0a4c93b1f4c2
139,dataset\Modern\Hallgr�mskirkja\Hallgr�mskirkja-8.jpeg,66f849ba-1eac-4646-b997-0a4c93b1f4c2
140,dataset\Modern\Hallgr�mskirkja\Hallgr�mskirkja-9.jpeg,66f849ba-1eac-4646-b997-0a4c93b1f4c2
141,dataset\Mughal\Bibi Ka Maqbara\Bibi Ka Maqbara - 10.jpg,9ef500e5-5a7c-4c7c-8960-5439e0a0f149
142,dataset\Mughal\Bibi Ka Maqbara\Bibi Ka Maqbara - 12.jpeg,9ef500e5-5a7c-4c7c-8960-5439e0a0f149
143,dataset\Mughal\Bibi Ka Maqbara\Bibi Ka Maqbara - 13.jpg,9ef500e5-5a7c-4c7c-8960-5439e0a0f149
144,dataset\Mughal\Bibi Ka Maqbara\Bibi Ka Maqbara - 14.jpg,9ef500e5-5a7c-4c7c-8960-5439e0a0f149
145,dataset\Mughal\Bibi Ka Maqbara\Bibi Ka Maqbara - 15.jpg,9ef500e5-5a7c-4c7c-8960-5439e0a0f149
146,dataset\Mughal\Bibi Ka Maqbara\Bibi Ka Maqbara - 16.jpg,9ef500e5-5a7c-4c7c-8960-5439e0a0f149
147,dataset\Mughal\Bibi Ka Maqbara\Bibi Ka Maqbara - 18.jpg,9ef500e5-5a7c-4c7c-8960-5439e0a0f149
148,dataset\Mughal\Bibi Ka Maqbara\Bibi Ka Maqbara - 2.jpg,9ef500e5-5a7c-4c7c-8960-5439e0a0f149
149,dataset\Mughal\Bibi Ka Maqbara\Bibi Ka Maqbara - 20.jpg,9ef500e5-5a7c-4c7c-8960-5439e0a0f149
150,dataset\Mughal\Bibi Ka Maqbara\Bibi Ka Maqbara - 4.jpg,9ef500e5-5a7c-4c7c-8960-5439e0a0f149
151,dataset\Mughal\Bibi Ka Maqbara\Bibi Ka Maqbara - 5.jpg,9ef500e5-5a7c-4c7c-8960-5439e0a0f149
152,dataset\Mughal\Bibi Ka Maqbara\Bibi Ka Maqbara - 6.jpg,9ef500e5-5a7c-4c7c-8960-5439e0a0f149
153,dataset\Mughal\Bibi Ka Maqbara\Bibi Ka Maqbara - 7.jpeg,9ef500e5-5a7c-4c7c-8960-5439e0a0f149
154,dataset\Mughal\Jama Masjid\Jama Masjid - 11.jpg,c42c6fa2-7cec-422a-bce8-42453e3d215d
155,dataset\Mughal\Jama Masjid\Jama Masjid - 12.jpg,c42c6fa2-7cec-422a-bce8-42453e3d215d
156,dataset\Mughal\Jama Masjid\Jama Masjid - 13.jpg,c42c6fa2-7cec-422a-bce8-42453e3d215d
157,dataset\Mughal\Jama Masjid\Jama Masjid - 15.jpg,c42c6fa2-7cec-422a-bce8-42453e3d215d
158,dataset\Mughal\Jama Masjid\Jama Masjid - 16.jpg,c42c6fa2-7cec-422a-bce8-42453e3d215d
159,dataset\Mughal\Jama Masjid\Jama Masjid - 17.jpg,c42c6fa2-7cec-422a-bce8-42453e3d215d
160,dataset\Mughal\Jama Masjid\Jama Masjid - 19.jpg,c42c6fa2-7cec-422a-bce8-42453e3d215d
161,dataset\Mughal\Jama Masjid\Jama Masjid - 2.jpg,c42c6fa2-7cec-422a-bce8-42453e3d215d
162,dataset\Mughal\Jama Masjid\Jama Masjid - 20.jpg,c42c6fa2-7cec-422a-bce8-42453e3d215d
163,dataset\Mughal\Jama Masjid\Jama Masjid - 4.jpg,c42c6fa2-7cec-422a-bce8-42453e3d215d
164,dataset\Mughal\Jama Masjid\Jama Masjid - 5.jpg,c42c6fa2-7cec-422a-bce8-42453e3d215d
165,dataset\Mughal\Jama Masjid\Jama Masjid - 6.jpg,c42c6fa2-7cec-422a-bce8-42453e3d215d
166,dataset\Mughal\Jama Masjid\Jama Masjid - 7.jpg,c42c6fa2-7cec-422a-bce8-42453e3d215d
167,dataset\Mughal\Jama Masjid\Jama Masjid - 9.jpg,c42c6fa2-7cec-422a-bce8-42453e3d215d
168,dataset\Mughal\Taj Mahal\Taj Mahal - 1.jpg,cc24fa3b-cc01-4bc3-9b85-41fdc6d5bc19
169,dataset\Mughal\Taj Mahal\Taj Mahal - 10.jpg,cc24fa3b-cc01-4bc3-9b85-41fdc6d5bc19
170,dataset\Mughal\Taj Mahal\Taj Mahal - 11.jpg,cc24fa3b-cc01-4bc3-9b85-41fdc6d5bc19
171,dataset\Mughal\Taj Mahal\Taj Mahal - 12.jpg,cc24fa3b-cc01-4bc3-9b85-41fdc6d5bc19
172,dataset\Mughal\Taj Mahal\Taj Mahal - 15.jpg,cc24fa3b-cc01-4bc3-9b85-41fdc6d5bc19
173,dataset\Mughal\Taj Mahal\Taj Mahal - 16.jpg,cc24fa3b-cc01-4bc3-9b85-41fdc6d5bc19
174,dataset\Mughal\Taj Mahal\Taj Mahal - 17.jpg,cc24fa3b-cc01-4bc3-9b85-41fdc6d5bc19
175,dataset\Mughal\Taj Mahal\Taj Mahal - 18.jpg,cc24fa3b-cc01-4bc3-9b85-41fdc6d5bc19
176,dataset\Mughal\Taj Mahal\Taj Mahal - 19.jpg,cc24fa3b-cc01-4bc3-9b85-41fdc6d5bc19
177,dataset\Mughal\Taj Mahal\Taj Mahal - 2.jpg,cc24fa3b-cc01-4bc3-9b85-41fdc6d5bc19
178,dataset\Mughal\Taj Mahal\Taj Mahal - 4.jpg,cc24fa3b-cc01-4bc3-9b85-41fdc6d5bc19
179,dataset\Mughal\Taj Mahal\Taj Mahal - 5.jpg,cc24fa3b-cc01-4bc3-9b85-41fdc6d5bc19
180,dataset\Mughal\Taj Mahal\Taj Mahal - 7.jpeg,cc24fa3b-cc01-4bc3-9b85-41fdc6d5bc19
181,dataset\Mughal\Taj Mahal\Taj Mahal - 8.jpg,cc24fa3b-cc01-4bc3-9b85-41fdc6d5bc19
182,dataset\Mughal\Tomb of Akbar\Tomb of Akbar - 10.jpg,c162df7d-3b16-41f0-9fc4-4217b42679f5
183,dataset\Mughal\Tomb of Akbar\Tomb of Akbar - 12.jpg,c162df7d-3b16-41f0-9fc4-4217b42679f5
184,dataset\Mughal\Tomb of Akbar\Tomb of Akbar - 13.jpg,c162df7d-3b16-41f0-9fc4-4217b42679f5
185,dataset\Mughal\Tomb of Akbar\Tomb of Akbar - 14.jpg,c162df7d-3b16-41f0-9fc4-4217b42679f5
186,dataset\Mughal\Tomb of Akbar\Tomb of Akbar - 16.jpg,c162df7d-3b16-41f0-9fc4-4217b42679f5
187,dataset\Mughal\Tomb of Akbar\Tomb of Akbar - 17.jpg,c162df7d-3b16-41f0-9fc4-4217b42679f5
188,dataset\Mughal\Tomb of Akbar\Tomb of Akbar - 18.jpg,c162df7d-3b16-41f0-9fc4-4217b42679f5
189,dataset\Mughal\Tomb of Akbar\Tomb of Akbar - 2.jpg,c162df7d-3b16-41f0-9fc4-4217b42679f5
190,dataset\Mughal\Tomb of Akbar\Tomb of Akbar - 20.jpg,c162df7d-3b16-41f0-9fc4-4217b42679f5
191,dataset\Mughal\Tomb of Akbar\Tomb of Akbar - 3.jpg,c162df7d-3b16-41f0-9fc4-4217b42679f5
192,dataset\Mughal\Tomb of Akbar\Tomb of Akbar - 4.jpg,c162df7d-3b16-41f0-9fc4-4217b42679f5
193,dataset\Mughal\Tomb of Akbar\Tomb of Akbar - 6.jpg,c162df7d-3b16-41f0-9fc4-4217b42679f5
194,dataset\Mughal\Tomb of Akbar\Tomb of Akbar - 7.jpg,c162df7d-3b16-41f0-9fc4-4217b42679f5
195,dataset\Mughal\Tomb of Akbar\Tomb of Akbar - 8.jpg,c162df7d-3b16-41f0-9fc4-4217b42679f5
196,dataset\Mughal\Tomb of I_timad-ud-Daulah\Tomb of I_timad-ud-Daulah - 1.jpg,469c0c2b-28b4-4cee-90dc-6acb56ea4be7
197,dataset\Mughal\Tomb of I_timad-ud-Daulah\Tomb of I_timad-ud-Daulah - 11.jpg,469c0c2b-28b4-4cee-90dc-6acb56ea4be7
198,dataset\Mughal\Tomb of I_timad-ud-Daulah\Tomb of I_timad-ud-Daulah - 12.jpg,469c0c2b-28b4-4cee-90dc-6acb56ea4be7
199,dataset\Mughal\Tomb of I_timad-ud-Daulah\Tomb of I_timad-ud-Daulah - 15.jpg,469c0c2b-28b4-4cee-90dc-6acb56ea4be7
200,dataset\Mughal\Tomb of I_timad-ud-Daulah\Tomb of I_timad-ud-Daulah - 16.jpg,469c0c2b-28b4-4cee-90dc-6acb56ea4be7
201,dataset\Mughal\Tomb of I_timad-ud-Daulah\Tomb of I_timad-ud-Daulah - 18.jpeg,469c0c2b-28b4-4cee-90dc-6acb56ea4be7
202,dataset\Mughal\Tomb of I_timad-ud-Daulah\Tomb of I_timad-ud-Daulah - 20.jpg,469c0c2b-28b4-4cee-90dc-6acb56ea4be7
203,dataset\Mughal\Tomb of I_timad-ud-Daulah\Tomb of I_timad-ud-Daulah - 3.jpg,469c0c2b-28b4-4cee-90dc-6acb56ea4be7
204,dataset\Mughal\Tomb of I_timad-ud-Daulah\Tomb of I_timad-ud-Daulah - 4.jpg,469c0c2b-28b4-4cee-90dc-6acb56ea4be7
205,dataset\Mughal\Tomb of I_timad-ud-Daulah\Tomb of I_timad-ud-Daulah - 5.jpg,469c0c2b-28b4-4cee-90dc-6acb56ea4be7
206,dataset\Mughal\Tomb of I_timad-ud-Daulah\Tomb of I_timad-ud-Daulah - 6.jpg,469c0c2b-28b4-4cee-90dc-6acb56ea4be7
207,dataset\Mughal\Tomb of I_timad-ud-Daulah\Tomb of I_timad-ud-Daulah - 7.png,469c0c2b-28b4-4cee-90dc-6acb56ea4be7
208,dataset\Mughal\Tomb of I_timad-ud-Daulah\Tomb of I_timad-ud-Daulah - 8.jpg,469c0c2b-28b4-4cee-90dc-6acb56ea4be7
209,dataset\Mughal\Tomb of I_timad-ud-Daulah\Tomb of I_timad-ud-Daulah - 9.jpeg,469c0c2b-28b4-4cee-90dc-6acb56ea4be7
210,dataset\Neoclassical\Academy of Athens\Academy of Athens - 1.jpg,ad25296a-7c8e-457e-b5cc-ce8074b299e2
211,dataset\Neoclassical\Academy of Athens\Academy of Athens - 10.jpg,ad25296a-7c8e-457e-b5cc-ce8074b299e2
212,dataset\Neoclassical\Academy of Athens\Academy of Athens - 12.jpg,ad25296a-7c8e-457e-b5cc-ce8074b299e2
213,dataset\Neoclassical\Academy of Athens\Academy of Athens - 13.jpg,ad25296a-7c8e-457e-b5cc-ce8074b299e2
214,dataset\Neoclassical\Academy of Athens\Academy of Athens - 14.jpg,ad25296a-7c8e-457e-b5cc-ce8074b299e2
215,dataset\Neoclassical\Academy of Athens\Academy of Athens - 15.jpg,ad25296a-7c8e-457e-b5cc-ce8074b299e2
216,dataset\Neoclassical\Academy of Athens\Academy of Athens - 17.jpeg,ad25296a-7c8e-457e-b5cc-ce8074b299e2
217,dataset\Neoclassical\Academy of Athens\Academy of Athens - 20.jpg,ad25296a-7c8e-457e-b5cc-ce8074b299e2
218,dataset\Neoclassical\Academy of Athens\Academy of Athens - 3.jpg,ad25296a-7c8e-457e-b5cc-ce8074b299e2
219,dataset\Neoclassical\Academy of Athens\Academy of Athens - 5.jpg,ad25296a-7c8e-457e-b5cc-ce8074b299e2
220,dataset\Neoclassical\Academy of Athens\Academy of Athens - 6.jpg,ad25296a-7c8e-457e-b5cc-ce8074b299e2
221,dataset\Neoclassical\Academy of Athens\Academy of Athens - 7.jpg,ad25296a-7c8e-457e-b5cc-ce8074b299e2
222,dataset\Neoclassical\Academy of Athens\Academy of Athens - 8.jpg,ad25296a-7c8e-457e-b5cc-ce8074b299e2
223,dataset\Neoclassical\Academy of Athens\Academy of Athens - 9.jpg,ad25296a-7c8e-457e-b5cc-ce8074b299e2
224,dataset\Neoclassical\Buckingham Palace\Buckingham Palace_1.jpg,4245d282-21aa-4804-81d7-0e357d0ea48e
225,dataset\Neoclassical\Buckingham Palace\Buckingham Palace_10.jpeg,4245d282-21aa-4804-81d7-0e357d0ea48e
226,dataset\Neoclassical\Buckingham Palace\Buckingham Palace_12.jpeg,4245d282-21aa-4804-81d7-0e357d0ea48e
227,dataset\Neoclassical\Buckingham Palace\Buckingham Palace_13.jpeg,4245d282-21aa-4804-81d7-0e357d0ea48e
228,dataset\Neoclassical\Buckingham Palace\Buckingham Palace_14.jpeg,4245d282-21aa-4804-81d7-0e357d0ea48e
229,dataset\Neoclassical\Buckingham Palace\Buckingham Palace_16.jpeg,4245d282-21aa-4804-81d7-0e357d0ea48e
230,dataset\Neoclassical\Buckingham Palace\Buckingham Palace_17.jpeg,4245d282-21aa-4804-81d7-0e357d0ea48e
231,dataset\Neoclassical\Buckingham Palace\Buckingham Palace_19.jpg,4245d282-21aa-4804-81d7-0e357d0ea48e
232,dataset\Neoclassical\Buckingham Palace\Buckingham Palace_2.jpeg,4245d282-21aa-4804-81d7-0e357d0ea48e
233,dataset\Neoclassical\Buckingham Palace\Buckingham Palace_20.jpeg,4245d282-21aa-4804-81d7-0e357d0ea48e
234,dataset\Neoclassical\Buckingham Palace\Buckingham Palace_4.jpeg,4245d282-21aa-4804-81d7-0e357d0ea48e
235,dataset\Neoclassical\Buckingham Palace\Buckingham Palace_5.jpeg,4245d282-21aa-4804-81d7-0e357d0ea48e
236,dataset\Neoclassical\Buckingham Palace\Buckingham Palace_6.jpeg,4245d282-21aa-4804-81d7-0e357d0ea48e
237,dataset\Neoclassical\Buckingham Palace\Buckingham Palace_7.jpeg,4245d282-21aa-4804-81d7-0e357d0ea48e
238,dataset\Neoclassical\Concertgebouw\Concertgebouw - 1.jpg,7afcddad-70df-4def-bb86-1785e69b01e2
239,dataset\Neoclassical\Concertgebouw\Concertgebouw - 10.jpg,7afcddad-70df-4def-bb86-1785e69b01e2
240,dataset\Neoclassical\Concertgebouw\Concertgebouw - 11.jpg,7afcddad-70df-4def-bb86-1785e69b01e2
241,dataset\Neoclassical\Concertgebouw\Concertgebouw - 14.jpg,7afcddad-70df-4def-bb86-1785e69b01e2
242,dataset\Neoclassical\Concertgebouw\Concertgebouw - 15.jpg,7afcddad-70df-4def-bb86-1785e69b01e2
243,dataset\Neoclassical\Concertgebouw\Concertgebouw - 17.jpg,7afcddad-70df-4def-bb86-1785e69b01e2
244,dataset\Neoclassical\Concertgebouw\Concertgebouw - 18.jpg,7afcddad-70df-4def-bb86-1785e69b01e2
245,dataset\Neoclassical\Concertgebouw\Concertgebouw - 20.jpg,7afcddad-70df-4def-bb86-1785e69b01e2
246,dataset\Neoclassical\Concertgebouw\Concertgebouw - 3.jpg,7afcddad-70df-4def-bb86-1785e69b01e2
247,dataset\Neoclassical\Concertgebouw\Concertgebouw - 4.jpeg,7afcddad-70df-4def-bb86-1785e69b01e2
248,dataset\Neoclassical\Concertgebouw\Concertgebouw - 5.jpg,7afcddad-70df-4def-bb86-1785e69b01e2
249,dataset\Neoclassical\Concertgebouw\Concertgebouw - 6.jpg,7afcddad-70df-4def-bb86-1785e69b01e2
250,dataset\Neoclassical\Concertgebouw\Concertgebouw - 8.jpg,7afcddad-70df-4def-bb86-1785e69b01e2
251,dataset\Neoclassical\Concertgebouw\Concertgebouw - 9.jpg,7afcddad-70df-4def-bb86-1785e69b01e2
252,dataset\Neoclassical\Panth�on\Panth�on_1.jpeg,d14bd66c-1311-44e1-b458-a05f5dbc21e7
253,dataset\Neoclassical\Panth�on\Panth�on_10.jpeg,d14bd66c-1311-44e1-b458-a05f5dbc21e7
254,dataset\Neoclassical\Panth�on\Panth�on_12.jpeg,d14bd66c-1311-44e1-b458-a05f5dbc21e7
255,dataset\Neoclassical\Panth�on\Panth�on_13.jpeg,d14bd66c-1311-44e1-b458-a05f5dbc21e7
256,dataset\Neoclassical\Panth�on\Panth�on_15.jpeg,d14bd66c-1311-44e1-b458-a05f5dbc21e7
257,dataset\Neoclassical\Panth�on\Panth�on_16.jpeg,d14bd66c-1311-44e1-b458-a05f5dbc21e7
258,dataset\Neoclassical\Panth�on\Panth�on_17.jpeg,d14bd66c-1311-44e1-b458-a05f5dbc21e7
259,dataset\Neoclassical\Panth�on\Panth�on_2.jpg,d14bd66c-1311-44e1-b458-a05f5dbc21e7
260,dataset\Neoclassical\Panth�on\Panth�on_4.jpg,d14bd66c-1311-44e1-b458-a05f5dbc21e7
261,dataset\Neoclassical\Panth�on\Panth�on_5.jpeg,d14bd66c-1311-44e1-b458-a05f5dbc21e7
262,dataset\Neoclassical\Panth�on\Panth�on_6.jpeg,d14bd66c-1311-44e1-b458-a05f5dbc21e7
263,dataset\Neoclassical\Panth�on\Panth�on_7.jpeg,d14bd66c-1311-44e1-b458-a05f5dbc21e7
264,dataset\Neoclassical\Panth�on\Panth�on_8.jpeg,d14bd66c-1311-44e1-b458-a05f5dbc21e7
265,dataset\Neoclassical\Panth�on\Panth�on_9.jpeg,d14bd66c-1311-44e1-b458-a05f5dbc21e7
266,dataset\Neoclassical\Ripon Building\Ripon Building - 1.jpg,70e7fb06-7570-4bf4-9cf7-1e46c1a00d93
267,dataset\Neoclassical\Ripon Building\Ripon Building - 10.jpg,70e7fb06-7570-4bf4-9cf7-1e46c1a00d93
268,dataset\Neoclassical\Ripon Building\Ripon Building - 13.jpg,70e7fb06-7570-4bf4-9cf7-1e46c1a00d93
269,dataset\Neoclassical\Ripon Building\Ripon Building - 14.jpg,70e7fb06-7570-4bf4-9cf7-1e46c1a00d93
270,dataset\Neoclassical\Ripon Building\Ripon Building - 15.jpeg,70e7fb06-7570-4bf4-9cf7-1e46c1a00d93
271,dataset\Neoclassical\Ripon Building\Ripon Building - 16.jpg,70e7fb06-7570-4bf4-9cf7-1e46c1a00d93
272,dataset\Neoclassical\Ripon Building\Ripon Building - 17.jpg,70e7fb06-7570-4bf4-9cf7-1e46c1a00d93
273,dataset\Neoclassical\Ripon Building\Ripon Building - 18.jpeg,70e7fb06-7570-4bf4-9cf7-1e46c1a00d93
274,dataset\Neoclassical\Ripon Building\Ripon Building - 2.jpg,70e7fb06-7570-4bf4-9cf7-1e46c1a00d93
275,dataset\Neoclassical\Ripon Building\Ripon Building - 4.jpg,70e7fb06-7570-4bf4-9cf7-1e46c1a00d93
276,dataset\Neoclassical\Ripon Building\Ripon Building - 5.jpg,70e7fb06-7570-4bf4-9cf7-1e46c1a00d93
277,dataset\Neoclassical\Ripon Building\Ripon Building - 6.jpg,70e7fb06-7570-4bf4-9cf7-1e46c1a00d93
278,dataset\Neoclassical\Ripon Building\Ripon Building - 8.jpg,70e7fb06-7570-4bf4-9cf7-1e46c1a00d93
279,dataset\Neoclassical\Ripon Building\Ripon Building - 9.jpg,70e7fb06-7570-4bf4-9cf7-1e46c1a00d93
280,dataset\Pagodas\FogongTemplePagoda\FogongTemplePagoda-1.jpg,7370f98c-0a43-42fa-ab9c-20cdeb0998ab
281,dataset\Pagodas\FogongTemplePagoda\FogongTemplePagoda-11.jpg,7370f98c-0a43-42fa-ab9c-20cdeb0998ab
282,dataset\Pagodas\FogongTemplePagoda\FogongTemplePagoda-12.jpg,7370f98c-0a43-42fa-ab9c-20cdeb0998ab
283,dataset\Pagodas\FogongTemplePagoda\FogongTemplePagoda-13.jpg,7370f98c-0a43-42fa-ab9c-20cdeb0998ab
284,dataset\Pagodas\FogongTemplePagoda\FogongTemplePagoda-15.jpg,7370f98c-0a43-42fa-ab9c-20cdeb0998ab
285,dataset\Pagodas\FogongTemplePagoda\FogongTemplePagoda-17.jpg,7370f98c-0a43-42fa-ab9c-20cdeb0998ab
286,dataset\Pagodas\FogongTemplePagoda\FogongTemplePagoda-18.jpg,7370f98c-0a43-42fa-ab9c-20cdeb0998ab
287,dataset\Pagodas\FogongTemplePagoda\FogongTemplePagoda-19.jpg,7370f98c-0a43-42fa-ab9c-20cdeb0998ab
288,dataset\Pagodas\FogongTemplePagoda\FogongTemplePagoda-2.jpg,7370f98c-0a43-42fa-ab9c-20cdeb0998ab
289,dataset\Pagodas\FogongTemplePagoda\FogongTemplePagoda-3.jpg,7370f98c-0a43-42fa-ab9c-20cdeb0998ab
290,dataset\Pagodas\FogongTemplePagoda\FogongTemplePagoda-4.jpg,7370f98c-0a43-42fa-ab9c-20cdeb0998ab
291,dataset\Pagodas\FogongTemplePagoda\FogongTemplePagoda-6.jpg,7370f98c-0a43-42fa-ab9c-20cdeb0998ab
292,dataset\Pagodas\FogongTemplePagoda\FogongTemplePagoda-8.jpg,7370f98c-0a43-42fa-ab9c-20cdeb0998ab
293,dataset\Pagodas\FogongTemplePagoda\FogongTemplePagoda-9.jpg,7370f98c-0a43-42fa-ab9c-20cdeb0998ab
294,dataset\Pagodas\GiantWildGoosePagoda\GiantWildGoosePagoda-0.jpg,c56f7256-71d3-4107-9fa9-ad3c1ab28396
295,dataset\Pagodas\GiantWildGoosePagoda\GiantWildGoosePagoda-1.jpg,c56f7256-71d3-4107-9fa9-ad3c1ab28396
296,dataset\Pagodas\GiantWildGoosePagoda\GiantWildGoosePagoda-10.jpg,c56f7256-71d3-4107-9fa9-ad3c1ab28396
297,dataset\Pagodas\GiantWildGoosePagoda\GiantWildGoosePagoda-11.jpg,c56f7256-71d3-4107-9fa9-ad3c1ab28396
298,dataset\Pagodas\GiantWildGoosePagoda\GiantWildGoosePagoda-12.jpg,c56f7256-71d3-4107-9fa9-ad3c1ab28396
299,dataset\Pagodas\GiantWildGoosePagoda\GiantWildGoosePagoda-13.jpg,c56f7256-71d3-4107-9fa9-ad3c1ab28396
300,dataset\Pagodas\GiantWildGoosePagoda\GiantWildGoosePagoda-14.jpg,c56f7256-71d3-4107-9fa9-ad3c1ab28396
301,dataset\Pagodas\GiantWildGoosePagoda\GiantWildGoosePagoda-15.jpg,c56f7256-71d3-4107-9fa9-ad3c1ab28396
302,dataset\Pagodas\GiantWildGoosePagoda\GiantWildGoosePagoda-19.jpg,c56f7256-71d3-4107-9fa9-ad3c1ab28396
303,dataset\Pagodas\GiantWildGoosePagoda\GiantWildGoosePagoda-2.jpg,c56f7256-71d3-4107-9fa9-ad3c1ab28396
304,dataset\Pagodas\GiantWildGoosePagoda\GiantWildGoosePagoda-4.jpg,c56f7256-71d3-4107-9fa9-ad3c1ab28396
305,dataset\Pagodas\GiantWildGoosePagoda\GiantWildGoosePagoda-6.jpg,c56f7256-71d3-4107-9fa9-ad3c1ab28396
306,dataset\Pagodas\GiantWildGoosePagoda\GiantWildGoosePagoda-8.jpg,c56f7256-71d3-4107-9fa9-ad3c1ab28396
307,dataset\Pagodas\ShwedagonPagoda\ShwedagonPagoda0.jpeg,3832f855-d1aa-4391-9423-dcf5410eb3f2
308,dataset\Pagodas\ShwedagonPagoda\ShwedagonPagoda1.jpeg,3832f855-d1aa-4391-9423-dcf5410eb3f2
309,dataset\Pagodas\ShwedagonPagoda\ShwedagonPagoda11.jpeg,3832f855-d1aa-4391-9423-dcf5410eb3f2
310,dataset\Pagodas\ShwedagonPagoda\ShwedagonPagoda12.jpeg,3832f855-d1aa-4391-9423-dcf5410eb3f2
311,dataset\Pagodas\ShwedagonPagoda\ShwedagonPagoda13.jpeg,3832f855-d1aa-4391-9423-dcf5410eb3f2
312,dataset\Pagodas\ShwedagonPagoda\ShwedagonPagoda14.jpeg,3832f855-d1aa-4391-9423-dcf5410eb3f2
313,dataset\Pagodas\ShwedagonPagoda\ShwedagonPagoda15.jpeg,3832f855-d1aa-4391-9423-dcf5410eb3f2
314,dataset\Pagodas\ShwedagonPagoda\ShwedagonPagoda16.jpeg,3832f855-d1aa-4391-9423-dcf5410eb3f2
315,dataset\Pagodas\ShwedagonPagoda\ShwedagonPagoda18.jpeg,3832f855-d1aa-4391-9423-dcf5410eb3f2
316,dataset\Pagodas\ShwedagonPagoda\ShwedagonPagoda19.jpeg,3832f855-d1aa-4391-9423-dcf5410eb3f2
317,dataset\Pagodas\ShwedagonPagoda\ShwedagonPagoda3.jpeg,3832f855-d1aa-4391-9423-dcf5410eb3f2
318,dataset\Pagodas\ShwedagonPagoda\ShwedagonPagoda4.jpeg,3832f855-d1aa-4391-9423-dcf5410eb3f2
319,dataset\Pagodas\ShwedagonPagoda\ShwedagonPagoda5.jpeg,3832f855-d1aa-4391-9423-dcf5410eb3f2
320,dataset\Pagodas\ShwedagonPagoda\ShwedagonPagoda7.jpeg,3832f855-d1aa-4391-9423-dcf5410eb3f2
321,dataset\Pagodas\ThienMuPagoda\ThienMuPagoda0.jpeg,a3b35bb2-e177-42ff-8d84-5319475161cf
322,dataset\Pagodas\ThienMuPagoda\ThienMuPagoda1.jpeg,a3b35bb2-e177-42ff-8d84-5319475161cf
323,dataset\Pagodas\ThienMuPagoda\ThienMuPagoda10.jpeg,a3b35bb2-e177-42ff-8d84-5319475161cf
324,dataset\Pagodas\ThienMuPagoda\ThienMuPagoda11.jpeg,a3b35bb2-e177-42ff-8d84-5319475161cf
325,dataset\Pagodas\ThienMuPagoda\ThienMuPagoda12.jpeg,a3b35bb2-e177-42ff-8d84-5319475161cf
326,dataset\Pagodas\ThienMuPagoda\ThienMuPagoda13.jpeg,a3b35bb2-e177-42ff-8d84-5319475161cf
327,dataset\Pagodas\ThienMuPagoda\ThienMuPagoda14.jpeg,a3b35bb2-e177-42ff-8d84-5319475161cf
328,dataset\Pagodas\ThienMuPagoda\ThienMuPagoda15.jpeg,a3b35bb2-e177-42ff-8d84-5319475161cf
329,dataset\Pagodas\ThienMuPagoda\ThienMuPagoda16.jpeg,a3b35bb2-e177-42ff-8d84-5319475161cf
330,dataset\Pagodas\ThienMuPagoda\ThienMuPagoda19.jpeg,a3b35bb2-e177-42ff-8d84-5319475161cf
331,dataset\Pagodas\ThienMuPagoda\ThienMuPagoda3.jpeg,a3b35bb2-e177-42ff-8d84-5319475161cf
332,dataset\Pagodas\ThienMuPagoda\ThienMuPagoda5.jpeg,a3b35bb2-e177-42ff-8d84-5319475161cf
333,dataset\Pagodas\ThienMuPagoda\ThienMuPagoda6.jpeg,a3b35bb2-e177-42ff-8d84-5319475161cf
334,dataset\Pagodas\ThienMuPagoda\ThienMuPagoda9.jpeg,a3b35bb2-e177-42ff-8d84-5319475161cf
335,dataset\Pagodas\TianningTemplePagoda\TianningTemplePagoda0.jpeg,c4d75c7a-526f-493b-948f-9591a6521e72
336,dataset\Pagodas\TianningTemplePagoda\TianningTemplePagoda1.jpeg,c4d75c7a-526f-493b-948f-9591a6521e72
337,dataset\Pagodas\TianningTemplePagoda\TianningTemplePagoda12.jpeg,c4d75c7a-526f-493b-948f-9591a6521e72
338,dataset\Pagodas\TianningTemplePagoda\TianningTemplePagoda15.jpeg,c4d75c7a-526f-493b-948f-9591a6521e72
339,dataset\Pagodas\TianningTemplePagoda\TianningTemplePagoda16.jpeg,c4d75c7a-526f-493b-948f-9591a6521e72
340,dataset\Pagodas\TianningTemplePagoda\TianningTemplePagoda17.jpeg,c4d75c7a-526f-493b-948f-9591a6521e72
341,dataset\Pagodas\TianningTemplePagoda\TianningTemplePagoda18.jpeg,c4d75c7a-526f-493b-948f-9591a6521e72
342,dataset\Pagodas\TianningTemplePagoda\TianningTemplePagoda19.jpeg,c4d75c7a-526f-493b-948f-9591a6521e72
343,dataset\Pagodas\TianningTemplePagoda\TianningTemplePagoda4.jpeg,c4d75c7a-526f-493b-948f-9591a6521e72
344,dataset\Pagodas\TianningTemplePagoda\TianningTemplePagoda5.jpeg,c4d75c7a-526f-493b-948f-9591a6521e72
345,dataset\Pagodas\TianningTemplePagoda\TianningTemplePagoda6.jpeg,c4d75c7a-526f-493b-948f-9591a6521e72
346,dataset\Pagodas\TianningTemplePagoda\TianningTemplePagoda7.jpeg,c4d75c7a-526f-493b-948f-9591a6521e72
347,dataset\Pagodas\TianningTemplePagoda\TianningTemplePagoda8.jpeg,c4d75c7a-526f-493b-948f-9591a6521e72
348,dataset\Pagodas\TianningTemplePagoda\TianningTemplePagoda9.jpeg,c4d75c7a-526f-493b-948f-9591a6521e72
"349,""dataset\Pyramids\El Castillo, Chichen Itza\El Castillo, Chichen Itza-1.jpg"",905145d2-3d16-4307-a0c9-b55a5a249c94"
"350,""dataset\Pyramids\El Castillo, Chichen Itza\El Castillo, Chichen Itza-10.jpg"",905145d2-3d16-4307-a0c9-b55a5a249c94"
"351,""dataset\Pyramids\El Castillo, Chichen Itza\El Castillo, Chichen Itza-11.jpg"",905145d2-3d16-4307-a0c9-b55a5a249c94"
"352,""dataset\Pyramids\El Castillo, Chichen Itza\El Castillo, Chichen Itza-12.jpg"",905145d2-3d16-4307-a0c9-b55a5a249c94"
"353,""dataset\Pyramids\El Castillo, Chichen Itza\El Castillo, Chichen Itza-13.jpg"",905145d2-3d16-4307-a0c9-b55a5a249c94"
"354,""dataset\Pyramids\El Castillo, Chichen Itza\El Castillo, Chichen Itza-14.jpg"",905145d2-3d16-4307-a0c9-b55a5a249c94"
"355,""dataset\Pyramids\El Castillo, Chichen Itza\El Castillo, Chichen Itza-15.jpg"",905145d2-3d16-4307-a0c9-b55a5a249c94"
"356,""dataset\Pyramids\El Castillo, Chichen Itza\El Castillo, Chichen Itza-16.jpg"",905145d2-3d16-4307-a0c9-b55a5a249c94"
"357,""dataset\Pyramids\El Castillo, Chichen Itza\El Castillo, Chichen Itza-18.jpg"",905145d2-3d16-4307-a0c9-b55a5a249c94"
"358,""dataset\Pyramids\El Castillo, Chichen Itza\El Castillo, Chichen Itza-2.jpg"",905145d2-3d16-4307-a0c9-b55a5a249c94"
"359,""dataset\Pyramids\El Castillo, Chichen Itza\El Castillo, Chichen Itza-20.jpg"",905145d2-3d16-4307-a0c9-b55a5a249c94"
"360,""dataset\Pyramids\El Castillo, Chichen Itza\El Castillo, Chichen Itza-5.jpg"",905145d2-3d16-4307-a0c9-b55a5a249c94"
"361,""dataset\Pyramids\El Castillo, Chichen Itza\El Castillo, Chichen Itza-7.jpg"",905145d2-3d16-4307-a0c9-b55a5a249c94"
"362,""dataset\Pyramids\El Castillo, Chichen Itza\El Castillo, Chichen Itza-9.jpg"",905145d2-3d16-4307-a0c9-b55a5a249c94"
363,dataset\Pyramids\Louvre Pyramid\Louvre Pyramid-1.jpg,689c3ab4-9ad9-42b2-a992-29249a623e85
364,dataset\Pyramids\Louvre Pyramid\Louvre Pyramid-10.jpg,689c3ab4-9ad9-42b2-a992-29249a623e85
365,dataset\Pyramids\Louvre Pyramid\Louvre Pyramid-11.jpg,689c3ab4-9ad9-42b2-a992-29249a623e85
366,dataset\Pyramids\Louvre Pyramid\Louvre Pyramid-12.jpg,689c3ab4-9ad9-42b2-a992-29249a623e85
367,dataset\Pyramids\Louvre Pyramid\Louvre Pyramid-13.jpg,689c3ab4-9ad9-42b2-a992-29249a623e85
368,dataset\Pyramids\Louvre Pyramid\Louvre Pyramid-15.jpg,689c3ab4-9ad9-42b2-a992-29249a623e85
369,dataset\Pyramids\Louvre Pyramid\Louvre Pyramid-16.jpg,689c3ab4-9ad9-42b2-a992-29249a623e85
370,dataset\Pyramids\Louvre Pyramid\Louvre Pyramid-17.jpg,689c3ab4-9ad9-42b2-a992-29249a623e85
371,dataset\Pyramids\Louvre Pyramid\Louvre Pyramid-19.jpg,689c3ab4-9ad9-42b2-a992-29249a623e85
372,dataset\Pyramids\Louvre Pyramid\Louvre Pyramid-21.jpg,689c3ab4-9ad9-42b2-a992-29249a623e85
373,dataset\Pyramids\Louvre Pyramid\Louvre Pyramid-22.jpg,689c3ab4-9ad9-42b2-a992-29249a623e85
374,dataset\Pyramids\Louvre Pyramid\Louvre Pyramid-3.jpg,689c3ab4-9ad9-42b2-a992-29249a623e85
375,dataset\Pyramids\Louvre Pyramid\Louvre Pyramid-4.jpg,689c3ab4-9ad9-42b2-a992-29249a623e85
376,dataset\Pyramids\Louvre Pyramid\Louvre Pyramid-5.jpg,689c3ab4-9ad9-42b2-a992-29249a623e85
377,dataset\Pyramids\Louvre Pyramid\Louvre Pyramid-7.jpg,689c3ab4-9ad9-42b2-a992-29249a623e85
378,dataset\Pyramids\Louvre Pyramid\Louvre Pyramid-8.jpg,689c3ab4-9ad9-42b2-a992-29249a623e85
379,dataset\Pyramids\Pyramid of Djoser\Pyramid of Djoser-1.jpg,a33cbc52-81da-4aa9-a115-e3b90508f1b6
380,dataset\Pyramids\Pyramid of Djoser\Pyramid of Djoser-11.jpg,a33cbc52-81da-4aa9-a115-e3b90508f1b6
381,dataset\Pyramids\Pyramid of Djoser\Pyramid of Djoser-12.jpg,a33cbc52-81da-4aa9-a115-e3b90508f1b6
382,dataset\Pyramids\Pyramid of Djoser\Pyramid of Djoser-15.jpg,a33cbc52-81da-4aa9-a115-e3b90508f1b6
383,dataset\Pyramids\Pyramid of Djoser\Pyramid of Djoser-16.jpg,a33cbc52-81da-4aa9-a115-e3b90508f1b6
384,dataset\Pyramids\Pyramid of Djoser\Pyramid of Djoser-18.jpg,a33cbc52-81da-4aa9-a115-e3b90508f1b6
385,dataset\Pyramids\Pyramid of Djoser\Pyramid of Djoser-19.jpg,a33cbc52-81da-4aa9-a115-e3b90508f1b6
386,dataset\Pyramids\Pyramid of Djoser\Pyramid of Djoser-2.jpg,a33cbc52-81da-4aa9-a115-e3b90508f1b6
387,dataset\Pyramids\Pyramid of Djoser\Pyramid of Djoser-3.jpg,a33cbc52-81da-4aa9-a115-e3b90508f1b6
388,dataset\Pyramids\Pyramid of Djoser\Pyramid of Djoser-4.jpg,a33cbc52-81da-4aa9-a115-e3b90508f1b6
389,dataset\Pyramids\Pyramid of Djoser\Pyramid of Djoser-5.jpg,a33cbc52-81da-4aa9-a115-e3b90508f1b6
390,dataset\Pyramids\Pyramid of Djoser\Pyramid of Djoser-6.jpg,a33cbc52-81da-4aa9-a115-e3b90508f1b6
391,dataset\Pyramids\Pyramid of Djoser\Pyramid of Djoser-8.jpg,a33cbc52-81da-4aa9-a115-e3b90508f1b6
392,dataset\Pyramids\Pyramid of Djoser\Pyramid of Djoser-9.jpg,a33cbc52-81da-4aa9-a115-e3b90508f1b6
393,dataset\Pyramids\Pyramid of Giza\Pyramid of Giza-1.jpg,d329bf97-9fff-4750-9580-2291b4a7f08f
394,dataset\Pyramids\Pyramid of Giza\Pyramid of Giza-10.jpg,d329bf97-9fff-4750-9580-2291b4a7f08f
395,dataset\Pyramids\Pyramid of Giza\Pyramid of Giza-11.jpg,d329bf97-9fff-4750-9580-2291b4a7f08f
396,dataset\Pyramids\Pyramid of Giza\Pyramid of Giza-12.jpg,d329bf97-9fff-4750-9580-2291b4a7f08f
397,dataset\Pyramids\Pyramid of Giza\Pyramid of Giza-13.jpg,d329bf97-9fff-4750-9580-2291b4a7f08f
398,dataset\Pyramids\Pyramid of Giza\Pyramid of Giza-15.jpg,d329bf97-9fff-4750-9580-2291b4a7f08f
399,dataset\Pyramids\Pyramid of Giza\Pyramid of Giza-16.jpg,d329bf97-9fff-4750-9580-2291b4a7f08f
400,dataset\Pyramids\Pyramid of Giza\Pyramid of Giza-17.jpg,d329bf97-9fff-4750-9580-2291b4a7f08f
401,dataset\Pyramids\Pyramid of Giza\Pyramid of Giza-20.jpg,d329bf97-9fff-4750-9580-2291b4a7f08f
402,dataset\Pyramids\Pyramid of Giza\Pyramid of Giza-3.jpg,d329bf97-9fff-4750-9580-2291b4a7f08f
403,dataset\Pyramids\Pyramid of Giza\Pyramid of Giza-6.jpg,d329bf97-9fff-4750-9580-2291b4a7f08f
404,dataset\Pyramids\Pyramid of Giza\Pyramid of Giza-7.jpg,d329bf97-9fff-4750-9580-2291b4a7f08f
405,dataset\Pyramids\Santa Cecilia Acatitlan Pyramid\Santa Cecilia Acatitlan Pyramid-1.jpg,8eccccb0-8400-4b5c-a059-e29e9b4f1586
406,dataset\Pyramids\Santa Cecilia Acatitlan Pyramid\Santa Cecilia Acatitlan Pyramid-10.jpg,8eccccb0-8400-4b5c-a059-e29e9b4f1586
407,dataset\Pyramids\Santa Cecilia Acatitlan Pyramid\Santa Cecilia Acatitlan Pyramid-11.jpg,8eccccb0-8400-4b5c-a059-e29e9b4f1586
408,dataset\Pyramids\Santa Cecilia Acatitlan Pyramid\Santa Cecilia Acatitlan Pyramid-12.jpg,8eccccb0-8400-4b5c-a059-e29e9b4f1586
409,dataset\Pyramids\Santa Cecilia Acatitlan Pyramid\Santa Cecilia Acatitlan Pyramid-13.jpg,8eccccb0-8400-4b5c-a059-e29e9b4f1586
410,dataset\Pyramids\Santa Cecilia Acatitlan Pyramid\Santa Cecilia Acatitlan Pyramid-14.jpg,8eccccb0-8400-4b5c-a059-e29e9b4f1586
411,dataset\Pyramids\Santa Cecilia Acatitlan Pyramid\Santa Cecilia Acatitlan Pyramid-16.jpg,8eccccb0-8400-4b5c-a059-e29e9b4f1586
412,dataset\Pyramids\Santa Cecilia Acatitlan Pyramid\Santa Cecilia Acatitlan Pyramid-17.jpg,8eccccb0-8400-4b5c-a059-e29e9b4f1586
413,dataset\Pyramids\Santa Cecilia Acatitlan Pyramid\Santa Cecilia Acatitlan Pyramid-18.jpg,8eccccb0-8400-4b5c-a059-e29e9b4f1586
414,dataset\Pyramids\Santa Cecilia Acatitlan Pyramid\Santa Cecilia Acatitlan Pyramid-19.jpg,8eccccb0-8400-4b5c-a059-e29e9b4f1586
415,dataset\Pyramids\Santa Cecilia Acatitlan Pyramid\Santa Cecilia Acatitlan Pyramid-2.jpg,8eccccb0-8400-4b5c-a059-e29e9b4f1586
416,dataset\Pyramids\Santa Cecilia Acatitlan Pyramid\Santa Cecilia Acatitlan Pyramid-3.jpg,8eccccb0-8400-4b5c-a059-e29e9b4f1586
417,dataset\Pyramids\Santa Cecilia Acatitlan Pyramid\Santa Cecilia Acatitlan Pyramid-7.jpg,8eccccb0-8400-4b5c-a059-e29e9b4f1586
418,dataset\Pyramids\Santa Cecilia Acatitlan Pyramid\Santa Cecilia Acatitlan Pyramid-9.jpg,8eccccb0-8400-4b5c-a059-e29e9b4f1586
